name,time,latitude,longitude
device_frmpayload_data_gps_location_location,1592732872185000000,48.103652,8.198863
device_frmpayload_data_gps_location_location,1592732903333000000,48.103652,8.198863
device_frmpayload_data_gps_location_location,1592732934486000000,48.103652,8.198863
device_frmpayload_data_gps_location_location,1592732965638000000,48.103652,8.198863
device_frmpayload_data_gps_location_location,1592732996771000000,48.103542,8.19894
device_frmpayload_data_gps_location_location,1592733029080000000,48.103378,8.199
device_frmpayload_data_gps_location_location,1592733061370000000,48.103527,8.199551
device_frmpayload_data_gps_location_location,1592733093676000000,48.103622,8.20005
device_frmpayload_data_gps_location_location,1592733125970000000,48.103725,8.200545
device_frmpayload_data_gps_location_location,1592733158276000000,48.103969,8.200672
device_frmpayload_data_gps_location_location,1592733222875000000,48.10461,8.200442
device_frmpayload_data_gps_location_location,1592733578203000000,48.105045,8.196111
device_frmpayload_data_gps_location_location,1592733609320000000,48.104961,8.195587
device_frmpayload_data_gps_location_location,1592739063402000000,48.105915,8.200122
device_frmpayload_data_gps_location_location,1592739126848000000,48.105194,8.200262
device_frmpayload_data_gps_location_location,1592739157979000000,48.104839,8.200374
device_frmpayload_data_gps_location_location,1592739189134000000,48.104476,8.200502
device_frmpayload_data_gps_location_location,1592739220271000000,48.104106,8.200627
device_frmpayload_data_gps_location_location,1592739252576000000,48.103801,8.200607
device_frmpayload_data_gps_location_location,1592739283726000000,48.103649,8.200042
device_frmpayload_data_gps_location_location,1592739316017000000,48.103538,8.199482
device_frmpayload_data_gps_location_location,1592739347162000000,48.103416,8.198969
device_frmpayload_data_gps_location_location,1592739378294000000,48.103534,8.198883
device_frmpayload_data_gps_location_location,1592739409442000000,48.103706,8.198829
device_frmpayload_data_gps_location_location,1592739440576000000,48.103645,8.198844
device_frmpayload_data_gps_location_location,1592739472867000000,48.103645,8.198844
device_frmpayload_data_gps_location_location,1592739505177000000,48.103645,8.198844
device_frmpayload_data_gps_location_location,1592739537477000000,48.103645,8.198844
device_frmpayload_data_gps_location_location,1592739569777000000,48.103645,8.198844
device_frmpayload_data_gps_location_location,1592739602083000000,48.103645,8.198844
device_frmpayload_data_gps_location_location,1592739634382000000,48.103645,8.198844
device_frmpayload_data_gps_location_location,1592739666680000000,48.103645,8.198844
device_frmpayload_data_gps_location_location,1592739698982000000,48.103645,8.198844
device_frmpayload_data_gps_location_location,1592739731281000000,48.103645,8.198844
device_frmpayload_data_gps_location_location,1592739763588000000,48.103645,8.198844
device_frmpayload_data_gps_location_location,1592739795886000000,48.103645,8.198844
device_frmpayload_data_gps_location_location,1592739828185000000,48.103645,8.198844
device_frmpayload_data_gps_location_location,1592739859317000000,48.103645,8.198844
device_frmpayload_data_gps_location_location,1592739891620000000,48.103645,8.198844
device_frmpayload_data_gps_location_location,1592739923917000000,48.103645,8.198844
device_frmpayload_data_gps_location_location,1592739956221000000,48.103649,8.198875
device_frmpayload_data_gps_location_location,1592739988524000000,48.103649,8.198875
device_frmpayload_data_gps_location_location,1592740020827000000,48.103649,8.198875
device_frmpayload_data_gps_location_location,1592740053126000000,48.103649,8.198875
device_frmpayload_data_gps_location_location,1592740085421000000,48.103649,8.198875
device_frmpayload_data_gps_location_location,1592740117724000000,48.103649,8.198875
device_frmpayload_data_gps_location_location,1592740150036000000,48.103576,8.198862
device_frmpayload_data_gps_location_location,1592740182329000000,48.10342,8.198903
device_frmpayload_data_gps_location_location,1592740214639000000,48.103263,8.199134
device_frmpayload_data_gps_location_location,1592740279238000000,48.102764,8.19937
device_frmpayload_data_gps_location_location,1592740310368000000,48.102733,8.199767
device_frmpayload_data_gps_location_location,1592740342673000000,48.102691,8.200289
device_frmpayload_data_gps_location_location,1592741214812000000,48.101047,8.204691
device_frmpayload_data_gps_location_location,1592741278249000000,48.101581,8.205573
device_frmpayload_data_gps_location_location,1592741341688000000,48.102024,8.206544
device_frmpayload_data_gps_location_location,1592741372830000000,48.102188,8.207056
device_frmpayload_data_gps_location_location,1592741468566000000,48.102859,8.208381
device_frmpayload_data_gps_location_location,1592741500867000000,48.103008,8.208897
device_frmpayload_data_gps_location_location,1592741533160000000,48.103027,8.209452
device_frmpayload_data_gps_location_location,1592741920783000000,48.102729,8.215632
device_frmpayload_data_gps_location_location,1592741984216000000,48.103332,8.215982
device_frmpayload_data_gps_location_location,1592742016520000000,48.103683,8.215771
device_frmpayload_data_gps_location_location,1592743211879000000,48.103908,8.202273
device_frmpayload_data_gps_location_location,1592743243101000000,48.103897,8.201798
device_frmpayload_data_gps_location_location,1592743307845000000,48.103626,8.200818
device_frmpayload_data_gps_location_location,1592743340211000000,48.103729,8.200432
device_frmpayload_data_gps_location_location,1592743371401000000,48.103614,8.19985
device_frmpayload_data_gps_location_location,1592743434841000000,48.103424,8.199067
device_frmpayload_data_gps_location_location,1592743465980000000,48.103424,8.198835
device_frmpayload_data_gps_location_location,1592743497107000000,48.103599,8.198929
device_frmpayload_data_gps_location_location,1592743529412000000,48.103649,8.198793
device_frmpayload_data_gps_location_location,1592743560547000000,48.103626,8.198793
device_frmpayload_data_gps_location_location,1593600544617000000,1000,1000
device_frmpayload_data_gps_location_location,1593601781226000000,1000,1000
device_frmpayload_data_gps_location_location,1593601793538000000,1000,1000
device_frmpayload_data_gps_location_location,1593601805856000000,1000,1000
device_frmpayload_data_gps_location_location,1593601818172000000,1000,1000
device_frmpayload_data_gps_location_location,1593601830482000000,1000,1000
device_frmpayload_data_gps_location_location,1593601842794000000,1000,1000
device_frmpayload_data_gps_location_location,1593601855115000000,1000,1000
device_frmpayload_data_gps_location_location,1593601867429000000,1000,1000
device_frmpayload_data_gps_location_location,1593604505951000000,0.000001,0
device_frmpayload_data_gps_location_location,1593604537107000000,0.000001,0
device_frmpayload_data_gps_location_location,1593604568260000000,0.000001,0
device_frmpayload_data_gps_location_location,1593604599405000000,0.000001,0
device_frmpayload_data_gps_location_location,1593604630536000000,0.000001,0
device_frmpayload_data_gps_location_location,1593604662834000000,0.000001,0
device_frmpayload_data_gps_location_location,1593604695144000000,0.000001,0
device_frmpayload_data_gps_location_location,1593604727439000000,0.000001,0
device_frmpayload_data_gps_location_location,1593604759736000000,0.000001,0
device_frmpayload_data_gps_location_location,1593604792052000000,0.000001,0
device_frmpayload_data_gps_location_location,1593611169027000000,1000,1000
device_frmpayload_data_gps_location_location,1593611181341000000,1000,1000
device_frmpayload_data_gps_location_location,1593611193655000000,1000,1000
device_frmpayload_data_gps_location_location,1593611205974000000,1000,1000
device_frmpayload_data_gps_location_location,1593611218285000000,1000,1000
device_frmpayload_data_gps_location_location,1593611230606000000,1000,1000
device_frmpayload_data_gps_location_location,1593611242916000000,1000,1000
device_frmpayload_data_gps_location_location,1593611255231000000,1000,1000
device_frmpayload_data_gps_location_location,1593611267546000000,1000,1000
device_frmpayload_data_gps_location_location,1593611279855000000,1000,1000
device_frmpayload_data_gps_location_location,1593611292168000000,1000,1000
device_frmpayload_data_gps_location_location,1593611304496000000,1000,1000
device_frmpayload_data_gps_location_location,1593611316802000000,1000,1000
device_frmpayload_data_gps_location_location,1593612961482000000,1000,1000
device_frmpayload_data_gps_location_location,1593612973796000000,1000,1000
device_frmpayload_data_gps_location_location,1593612986117000000,1000,1000
device_frmpayload_data_gps_location_location,1593612998439000000,1000,1000
device_frmpayload_data_gps_location_location,1593613010755000000,1000,1000
device_frmpayload_data_gps_location_location,1593613023078000000,1000,1000
device_frmpayload_data_gps_location_location,1593613035394000000,1000,1000
device_frmpayload_data_gps_location_location,1593613047717000000,1000,1000
device_frmpayload_data_gps_location_location,1593613060024000000,1000,1000
device_frmpayload_data_gps_location_location,1593613072342000000,1000,1000
device_frmpayload_data_gps_location_location,1593613084664000000,1000,1000
device_frmpayload_data_gps_location_location,1593613096981000000,1000,1000
device_frmpayload_data_gps_location_location,1593613109302000000,1000,1000
device_frmpayload_data_gps_location_location,1593613121627000000,1000,1000
device_frmpayload_data_gps_location_location,1593613133936000000,1000,1000
device_frmpayload_data_gps_location_location,1593613146259000000,1000,1000
device_frmpayload_data_gps_location_location,1593613158580000000,1000,1000
device_frmpayload_data_gps_location_location,1593613170898000000,1000,1000
device_frmpayload_data_gps_location_location,1593613183225000000,1000,1000
device_frmpayload_data_gps_location_location,1593613195534000000,1000,1000
device_frmpayload_data_gps_location_location,1593613207852000000,1000,1000
device_frmpayload_data_gps_location_location,1593613220173000000,1000,1000
device_frmpayload_data_gps_location_location,1593613232496000000,1000,1000
device_frmpayload_data_gps_location_location,1593613244819000000,1000,1000
device_frmpayload_data_gps_location_location,1593613257123000000,1000,1000
device_frmpayload_data_gps_location_location,1593613269456000000,1000,1000
device_frmpayload_data_gps_location_location,1593613281765000000,1000,1000
device_frmpayload_data_gps_location_location,1593613294082000000,1000,1000
device_frmpayload_data_gps_location_location,1593613306411000000,1000,1000
device_frmpayload_data_gps_location_location,1593613318715000000,1000,1000
device_frmpayload_data_gps_location_location,1593613331039000000,1000,1000
device_frmpayload_data_gps_location_location,1593613343357000000,1000,1000
device_frmpayload_data_gps_location_location,1593613355679000000,1000,1000
device_frmpayload_data_gps_location_location,1593613367999000000,1000,1000
device_frmpayload_data_gps_location_location,1593613380320000000,1000,1000
device_frmpayload_data_gps_location_location,1593613392633000000,1000,1000
device_frmpayload_data_gps_location_location,1593613404958000000,1000,1000
device_frmpayload_data_gps_location_location,1593613417270000000,1000,1000
device_frmpayload_data_gps_location_location,1593622870487000000,1000,1000
device_frmpayload_data_gps_location_location,1593622902792000000,1000,1000
device_frmpayload_data_gps_location_location,1593622967426000000,1000,1000
device_frmpayload_data_gps_location_location,1593622999747000000,1000,1000
device_frmpayload_data_gps_location_location,1593623032077000000,1000,1000
device_frmpayload_data_gps_location_location,1593623064381000000,1000,1000
device_frmpayload_data_gps_location_location,1593623096699000000,1000,1000
device_frmpayload_data_gps_location_location,1593623129017000000,1000,1000
device_frmpayload_data_gps_location_location,1593623161335000000,1000,1000
device_frmpayload_data_gps_location_location,1593623193648000000,1000,1000
device_frmpayload_data_gps_location_location,1593623225961000000,1000,1000
device_frmpayload_data_gps_location_location,1593623258277000000,1000,1000
device_frmpayload_data_gps_location_location,1593623290598000000,1000,1000
device_frmpayload_data_gps_location_location,1593623322907000000,1000,1000
device_frmpayload_data_gps_location_location,1593623355227000000,1000,1000
device_frmpayload_data_gps_location_location,1593623387549000000,1000,1000
device_frmpayload_data_gps_location_location,1593623419857000000,1000,1000
device_frmpayload_data_gps_location_location,1593623452181000000,1000,1000
device_frmpayload_data_gps_location_location,1593623484494000000,1000,1000
device_frmpayload_data_gps_location_location,1593623549130000000,1000,1000
device_frmpayload_data_gps_location_location,1593623594748000000,1000,1000
device_frmpayload_data_gps_location_location,1593623644505000000,1000,1000
device_frmpayload_data_gps_location_location,1593623694259000000,1000,1000
device_frmpayload_data_gps_location_location,1593623744017000000,1000,1000
device_frmpayload_data_gps_location_location,1593623793760000000,1000,1000
device_frmpayload_data_gps_location_location,1593623843515000000,1000,1000
device_frmpayload_data_gps_location_location,1593623893271000000,1000,1000
device_frmpayload_data_gps_location_location,1593623943032000000,1000,1000
device_frmpayload_data_gps_location_location,1593623992780000000,1000,1000
device_frmpayload_data_gps_location_location,1593624042546000000,1000,1000
device_frmpayload_data_gps_location_location,1593624092290000000,1000,1000
device_frmpayload_data_gps_location_location,1593624142040000000,1000,1000
device_frmpayload_data_gps_location_location,1593624191794000000,1000,1000
device_frmpayload_data_gps_location_location,1593624241553000000,1000,1000
device_frmpayload_data_gps_location_location,1593624291304000000,1000,1000
device_frmpayload_data_gps_location_location,1593624341060000000,1000,1000
device_frmpayload_data_gps_location_location,1593624390809000000,1000,1000
device_frmpayload_data_gps_location_location,1593624436427000000,1000,1000
device_frmpayload_data_gps_location_location,1593624468736000000,1000,1000
device_frmpayload_data_gps_location_location,1593624501046000000,1000,1000
device_frmpayload_data_gps_location_location,1593624533364000000,1000,1000
device_frmpayload_data_gps_location_location,1593624565675000000,1000,1000
device_frmpayload_data_gps_location_location,1593624598001000000,1000,1000
device_frmpayload_data_gps_location_location,1593624630311000000,1000,1000
device_frmpayload_data_gps_location_location,1593624662623000000,1000,1000
device_frmpayload_data_gps_location_location,1593624694932000000,1000,1000
device_frmpayload_data_gps_location_location,1593624727251000000,1000,1000
device_frmpayload_data_gps_location_location,1593624759567000000,1000,1000
device_frmpayload_data_gps_location_location,1593624791888000000,1000,1000
device_frmpayload_data_gps_location_location,1593624824204000000,1000,1000
device_frmpayload_data_gps_location_location,1593624856520000000,1000,1000
device_frmpayload_data_gps_location_location,1593624888833000000,1000,1000
device_frmpayload_data_gps_location_location,1593624921158000000,1000,1000
device_frmpayload_data_gps_location_location,1593624953469000000,1000,1000
device_frmpayload_data_gps_location_location,1593624985793000000,1000,1000
device_frmpayload_data_gps_location_location,1593625018096000000,1000,1000
device_frmpayload_data_gps_location_location,1593625050413000000,1000,1000
device_frmpayload_data_gps_location_location,1593625082739000000,1000,1000
device_frmpayload_data_gps_location_location,1593625115048000000,1000,1000
device_frmpayload_data_gps_location_location,1593625147364000000,1000,1000
device_frmpayload_data_gps_location_location,1593625179676000000,1000,1000
device_frmpayload_data_gps_location_location,1593625211994000000,1000,1000
device_frmpayload_data_gps_location_location,1593625244309000000,1000,1000
device_frmpayload_data_gps_location_location,1593625276627000000,1000,1000
device_frmpayload_data_gps_location_location,1593625308936000000,1000,1000
device_frmpayload_data_gps_location_location,1593625341248000000,1000,1000
device_frmpayload_data_gps_location_location,1593625373562000000,1000,1000
device_frmpayload_data_gps_location_location,1593625405881000000,1000,1000
device_frmpayload_data_gps_location_location,1593625438185000000,1000,1000
device_frmpayload_data_gps_location_location,1593625470500000000,1000,1000
device_frmpayload_data_gps_location_location,1593625502826000000,1000,1000
device_frmpayload_data_gps_location_location,1593625535126000000,1000,1000
device_frmpayload_data_gps_location_location,1593625567435000000,1000,1000
device_frmpayload_data_gps_location_location,1593625599757000000,1000,1000
device_frmpayload_data_gps_location_location,1593625632072000000,1000,1000
device_frmpayload_data_gps_location_location,1593625664387000000,1000,1000
device_frmpayload_data_gps_location_location,1593625696710000000,1000,1000
device_frmpayload_data_gps_location_location,1593625729038000000,1000,1000
device_frmpayload_data_gps_location_location,1593625761330000000,1000,1000
device_frmpayload_data_gps_location_location,1593625793651000000,1000,1000
device_frmpayload_data_gps_location_location,1593625825951000000,1000,1000
device_frmpayload_data_gps_location_location,1593625858264000000,1000,1000
device_frmpayload_data_gps_location_location,1593625890587000000,1000,1000
device_frmpayload_data_gps_location_location,1593625922899000000,1000,1000
device_frmpayload_data_gps_location_location,1593625955209000000,1000,1000
device_frmpayload_data_gps_location_location,1593625987519000000,1000,1000
device_frmpayload_data_gps_location_location,1593626019830000000,1000,1000
device_frmpayload_data_gps_location_location,1593626052161000000,1000,1000
device_frmpayload_data_gps_location_location,1593626084458000000,1000,1000
device_frmpayload_data_gps_location_location,1593626116781000000,1000,1000
device_frmpayload_data_gps_location_location,1593626149097000000,1000,1000
device_frmpayload_data_gps_location_location,1593626181404000000,1000,1000
device_frmpayload_data_gps_location_location,1593626246043000000,1000,1000
device_frmpayload_data_gps_location_location,1593626278350000000,1000,1000
device_frmpayload_data_gps_location_location,1593626310661000000,1000,1000
device_frmpayload_data_gps_location_location,1593626342978000000,1000,1000
device_frmpayload_data_gps_location_location,1593626375303000000,1000,1000
device_frmpayload_data_gps_location_location,1593626407603000000,1000,1000
device_frmpayload_data_gps_location_location,1593626439916000000,1000,1000
device_frmpayload_data_gps_location_location,1593626472233000000,1000,1000
device_frmpayload_data_gps_location_location,1593626504548000000,1000,1000
device_frmpayload_data_gps_location_location,1593626536873000000,1000,1000
device_frmpayload_data_gps_location_location,1593626569172000000,1000,1000
device_frmpayload_data_gps_location_location,1593626601489000000,1000,1000
device_frmpayload_data_gps_location_location,1593626633808000000,1000,1000
device_frmpayload_data_gps_location_location,1593626666124000000,1000,1000
device_frmpayload_data_gps_location_location,1593626698435000000,1000,1000
device_frmpayload_data_gps_location_location,1593626730745000000,1000,1000
device_frmpayload_data_gps_location_location,1593626763046000000,1000,1000
device_frmpayload_data_gps_location_location,1593626795369000000,1000,1000
device_frmpayload_data_gps_location_location,1593626827675000000,1000,1000
device_frmpayload_data_gps_location_location,1593626860007000000,1000,1000
device_frmpayload_data_gps_location_location,1593626892311000000,1000,1000
device_frmpayload_data_gps_location_location,1593626924623000000,1000,1000
device_frmpayload_data_gps_location_location,1593626956936000000,1000,1000
device_frmpayload_data_gps_location_location,1593626989249000000,1000,1000
device_frmpayload_data_gps_location_location,1593627021563000000,1000,1000
device_frmpayload_data_gps_location_location,1593627053876000000,1000,1000
device_frmpayload_data_gps_location_location,1593627086195000000,1000,1000
device_frmpayload_data_gps_location_location,1593627118506000000,1000,1000
device_frmpayload_data_gps_location_location,1593627150830000000,1000,1000
device_frmpayload_data_gps_location_location,1593627183144000000,1000,1000
device_frmpayload_data_gps_location_location,1593627215457000000,1000,1000
device_frmpayload_data_gps_location_location,1593627247783000000,1000,1000
device_frmpayload_data_gps_location_location,1593627280096000000,1000,1000
device_frmpayload_data_gps_location_location,1593627312415000000,1000,1000
device_frmpayload_data_gps_location_location,1593627344728000000,1000,1000
device_frmpayload_data_gps_location_location,1593627377050000000,1000,1000
device_frmpayload_data_gps_location_location,1593707737166000000,1000,1000
device_frmpayload_data_gps_location_location,1593707770236000000,1000,1000
device_frmpayload_data_gps_location_location,1593707803295000000,48.158054,8.26043
device_frmpayload_data_gps_location_location,1593707836351000000,48.158061,8.260433
device_frmpayload_data_gps_location_location,1593707869417000000,48.158061,8.260433
device_frmpayload_data_gps_location_location,1593707902483000000,48.158061,8.260433
device_frmpayload_data_gps_location_location,1593707935558000000,48.158061,8.260433
device_frmpayload_data_gps_location_location,1593707968610000000,48.157981,8.260297
device_frmpayload_data_gps_location_location,1593708001678000000,48.157981,8.260297
device_frmpayload_data_gps_location_location,1593708034733000000,48.157981,8.260297
device_frmpayload_data_gps_location_location,1593708067797000000,48.157981,8.260297
device_frmpayload_data_gps_location_location,1593708100864000000,48.155952,8.260022
device_frmpayload_data_gps_location_location,1593708133928000000,48.155902,8.259893
device_frmpayload_data_gps_location_location,1593708166989000000,48.155902,8.259893
device_frmpayload_data_gps_location_location,1593708200048000000,48.155902,8.259893
device_frmpayload_data_gps_location_location,1593708233120000000,48.155902,8.259893
device_frmpayload_data_gps_location_location,1593708266168000000,48.155902,8.259893
device_frmpayload_data_gps_location_location,1593708299222000000,48.155902,8.259893
device_frmpayload_data_gps_location_location,1593708332289000000,48.155902,8.259893
device_frmpayload_data_gps_location_location,1593708365337000000,48.155902,8.259893
device_frmpayload_data_gps_location_location,1593708398406000000,48.155838,8.259726
device_frmpayload_data_gps_location_location,1593708431446000000,48.155838,8.259726
device_frmpayload_data_gps_location_location,1593708464513000000,48.155838,8.259726
device_frmpayload_data_gps_location_location,1593708497569000000,48.155838,8.259726
device_frmpayload_data_gps_location_location,1593708530639000000,48.155838,8.259726
device_frmpayload_data_gps_location_location,1593708563703000000,48.155838,8.259726
device_frmpayload_data_gps_location_location,1593708596762000000,48.158542,8.264374
device_frmpayload_data_gps_location_location,1593708629818000000,48.155937,8.26004
device_frmpayload_data_gps_location_location,1593708662881000000,48.155937,8.26004
device_frmpayload_data_gps_location_location,1593708695938000000,48.155849,8.259841
device_frmpayload_data_gps_location_location,1593708729006000000,48.155864,8.259817
device_frmpayload_data_gps_location_location,1593708762065000000,48.155864,8.259817
device_frmpayload_data_gps_location_location,1593708795132000000,48.155864,8.259817
device_frmpayload_data_gps_location_location,1593708828195000000,48.155864,8.259817
device_frmpayload_data_gps_location_location,1593708861263000000,48.155864,8.259817
device_frmpayload_data_gps_location_location,1593708894321000000,48.155864,8.259817
device_frmpayload_data_gps_location_location,1593708927381000000,48.155864,8.259817
device_frmpayload_data_gps_location_location,1593708960447000000,48.155864,8.259817
device_frmpayload_data_gps_location_location,1593708993503000000,48.155864,8.259817
device_frmpayload_data_gps_location_location,1593709026578000000,48.155864,8.259817
device_frmpayload_data_gps_location_location,1593709059633000000,48.155864,8.259817
device_frmpayload_data_gps_location_location,1593709092699000000,48.155864,8.259817
device_frmpayload_data_gps_location_location,1593709125760000000,48.155864,8.259817
device_frmpayload_data_gps_location_location,1593709158815000000,48.155864,8.259817
device_frmpayload_data_gps_location_location,1593709191921000000,48.155864,8.259817
device_frmpayload_data_gps_location_location,1593709224945000000,48.155864,8.259817
device_frmpayload_data_gps_location_location,1593709258012000000,48.155864,8.259817
device_frmpayload_data_gps_location_location,1593709291074000000,48.155864,8.259817
device_frmpayload_data_gps_location_location,1593709324128000000,48.155864,8.259817
device_frmpayload_data_gps_location_location,1593709357197000000,48.155864,8.259817
device_frmpayload_data_gps_location_location,1593709390258000000,48.155864,8.259817
device_frmpayload_data_gps_location_location,1593709423325000000,48.155864,8.259817
device_frmpayload_data_gps_location_location,1593709456397000000,48.155864,8.259817
device_frmpayload_data_gps_location_location,1593709489458000000,48.155864,8.259817
device_frmpayload_data_gps_location_location,1593709522522000000,48.155864,8.259817
device_frmpayload_data_gps_location_location,1593709555576000000,48.155864,8.259817
device_frmpayload_data_gps_location_location,1593709588648000000,48.155864,8.259817
device_frmpayload_data_gps_location_location,1593709621703000000,48.155864,8.259817
device_frmpayload_data_gps_location_location,1593709654767000000,48.155864,8.259817
device_frmpayload_data_gps_location_location,1593710141223000000,48.156082,8.259913
device_frmpayload_data_gps_location_location,1593710252118000000,48.156082,8.259913
device_frmpayload_data_gps_location_location,1593710295924000000,48.156082,8.259913
device_frmpayload_data_gps_location_location,1593710329011000000,48.156082,8.259913
device_frmpayload_data_gps_location_location,1593710362099000000,48.156082,8.259913
device_frmpayload_data_gps_location_location,1593710395189000000,48.156082,8.259913
device_frmpayload_data_gps_location_location,1593710428287000000,48.156082,8.259913
device_frmpayload_data_gps_location_location,1593710461375000000,48.156082,8.259913
device_frmpayload_data_gps_location_location,1593710494464000000,48.156082,8.259913
device_frmpayload_data_gps_location_location,1593710527549000000,48.156082,8.259913
device_frmpayload_data_gps_location_location,1593710560638000000,48.156082,8.259913
device_frmpayload_data_gps_location_location,1593710593724000000,48.156082,8.259913
device_frmpayload_data_gps_location_location,1593710626816000000,48.156082,8.259913
device_frmpayload_data_gps_location_location,1593710659908000000,48.156082,8.259913
device_frmpayload_data_gps_location_location,1593710693002000000,48.156082,8.259913
device_frmpayload_data_gps_location_location,1593710726083000000,48.156082,8.259913
device_frmpayload_data_gps_location_location,1593710759180000000,48.156082,8.259913
device_frmpayload_data_gps_location_location,1593710792263000000,48.156082,8.259913
device_frmpayload_data_gps_location_location,1593710825352000000,48.156082,8.259913
device_frmpayload_data_gps_location_location,1593710858455000000,48.156082,8.259913
device_frmpayload_data_gps_location_location,1593710891532000000,48.156082,8.259913
device_frmpayload_data_gps_location_location,1593710924621000000,48.156082,8.259913
device_frmpayload_data_gps_location_location,1593710957702000000,48.156082,8.259913
device_frmpayload_data_gps_location_location,1593710990785000000,48.156082,8.259913
device_frmpayload_data_gps_location_location,1593711023889000000,48.156082,8.259913
device_frmpayload_data_gps_location_location,1593711056961000000,48.156082,8.259913
device_frmpayload_data_gps_location_location,1593711090061000000,48.156082,8.259913
device_frmpayload_data_gps_location_location,1593711123154000000,48.156082,8.259913
device_frmpayload_data_gps_location_location,1593711156238000000,48.156082,8.259913
device_frmpayload_data_gps_location_location,1593711189353000000,48.156082,8.259913
device_frmpayload_data_gps_location_location,1593711222415000000,48.156082,8.259913
device_frmpayload_data_gps_location_location,1593711255511000000,48.156082,8.259913
device_frmpayload_data_gps_location_location,1593711288599000000,48.156082,8.259913
device_frmpayload_data_gps_location_location,1593711321683000000,48.156082,8.259913
device_frmpayload_data_gps_location_location,1593711354782000000,48.156082,8.259913
device_frmpayload_data_gps_location_location,1593711387863000000,48.156082,8.259913
device_frmpayload_data_gps_location_location,1593711420948000000,48.156082,8.259913
device_frmpayload_data_gps_location_location,1593711454044000000,48.156082,8.259913
device_frmpayload_data_gps_location_location,1593711487134000000,48.156082,8.259913
device_frmpayload_data_gps_location_location,1593711520225000000,48.156082,8.259913
device_frmpayload_data_gps_location_location,1593711553310000000,48.156082,8.259913
device_frmpayload_data_gps_location_location,1593711586391000000,48.156082,8.259913
device_frmpayload_data_gps_location_location,1593711619485000000,48.156082,8.259913
device_frmpayload_data_gps_location_location,1593711652571000000,48.156082,8.259913
device_frmpayload_data_gps_location_location,1593711685665000000,48.156082,8.259913
device_frmpayload_data_gps_location_location,1593711718752000000,48.156082,8.259913
device_frmpayload_data_gps_location_location,1593711751831000000,48.156082,8.259913
device_frmpayload_data_gps_location_location,1593711784927000000,48.156082,8.259913
device_frmpayload_data_gps_location_location,1593711818005000000,48.156082,8.259913
device_frmpayload_data_gps_location_location,1593711851107000000,48.156082,8.259913
device_frmpayload_data_gps_location_location,1593711884183000000,48.156082,8.259913
device_frmpayload_data_gps_location_location,1593711917275000000,48.156082,8.259913
device_frmpayload_data_gps_location_location,1593711950362000000,48.156082,8.259913
device_frmpayload_data_gps_location_location,1593712016545000000,48.156082,8.259913
device_frmpayload_data_gps_location_location,1593712049626000000,48.156082,8.259913
device_frmpayload_data_gps_location_location,1593712082714000000,48.156082,8.259913
device_frmpayload_data_gps_location_location,1593712148893000000,48.156082,8.259913
device_frmpayload_data_gps_location_location,1593712197321000000,48.156082,8.259913
device_frmpayload_data_gps_location_location,1593712251944000000,48.156082,8.259913
device_frmpayload_data_gps_location_location,1593712306585000000,48.156082,8.259913
device_frmpayload_data_gps_location_location,1593712361219000000,48.156082,8.259913
device_frmpayload_data_gps_location_location,1593712415867000000,48.156082,8.259913
device_frmpayload_data_gps_location_location,1593712470497000000,48.156082,8.259913
device_frmpayload_data_gps_location_location,1593712525144000000,48.156082,8.259913
device_frmpayload_data_gps_location_location,1593712579776000000,48.156082,8.259913
device_frmpayload_data_gps_location_location,1593712634409000000,48.156082,8.259913
device_frmpayload_data_gps_location_location,1593712689043000000,48.156082,8.259913
device_frmpayload_data_gps_location_location,1593712743681000000,48.156082,8.259913
device_frmpayload_data_gps_location_location,1593712798329000000,48.156082,8.259913
device_frmpayload_data_gps_location_location,1593712852957000000,48.156082,8.259913
device_frmpayload_data_gps_location_location,1593712907599000000,48.156082,8.259913
device_frmpayload_data_gps_location_location,1593712962237000000,48.156082,8.259913
device_frmpayload_data_gps_location_location,1593713016875000000,48.156082,8.259913
device_frmpayload_data_gps_location_location,1593713071516000000,48.156082,8.259913
device_frmpayload_data_gps_location_location,1593713119938000000,48.156082,8.259913
device_frmpayload_data_gps_location_location,1593713153042000000,48.156082,8.259913
device_frmpayload_data_gps_location_location,1593713186115000000,48.156082,8.259913
device_frmpayload_data_gps_location_location,1593713219219000000,48.156082,8.259913
device_frmpayload_data_gps_location_location,1593713252303000000,48.156082,8.259913
device_frmpayload_data_gps_location_location,1593713285392000000,48.156082,8.259913
device_frmpayload_data_gps_location_location,1593713318494000000,48.156082,8.259913
device_frmpayload_data_gps_location_location,1593713351578000000,48.156082,8.259913
device_frmpayload_data_gps_location_location,1593713384660000000,48.156082,8.259913
device_frmpayload_data_gps_location_location,1593713417747000000,48.156082,8.259913
device_frmpayload_data_gps_location_location,1593713450839000000,48.156082,8.259913
device_frmpayload_data_gps_location_location,1593713483989000000,48.156082,8.259913
device_frmpayload_data_gps_location_location,1593713517024000000,48.156082,8.259913
device_frmpayload_data_gps_location_location,1593713550105000000,48.156082,8.259913
device_frmpayload_data_gps_location_location,1593713583198000000,48.156082,8.259913
device_frmpayload_data_gps_location_location,1593713616293000000,48.156082,8.259913
device_frmpayload_data_gps_location_location,1593713649380000000,48.156082,8.259913
device_frmpayload_data_gps_location_location,1593713682464000000,48.156082,8.259913
device_frmpayload_data_gps_location_location,1593713715564000000,48.156082,8.259913
device_frmpayload_data_gps_location_location,1593713748647000000,48.156082,8.259913
device_frmpayload_data_gps_location_location,1593713781746000000,48.156082,8.259913
device_frmpayload_data_gps_location_location,1593713814836000000,48.156082,8.259913
device_frmpayload_data_gps_location_location,1593713847918000000,48.156082,8.259913
device_frmpayload_data_gps_location_location,1593713881028000000,48.156082,8.259913
device_frmpayload_data_gps_location_location,1593713914106000000,48.156082,8.259913
device_frmpayload_data_gps_location_location,1593713947200000000,48.156082,8.259913
device_frmpayload_data_gps_location_location,1593713980298000000,48.155841,8.259886
device_frmpayload_data_gps_location_location,1593714013381000000,48.155841,8.259886
device_frmpayload_data_gps_location_location,1593714046474000000,48.155841,8.259886
device_frmpayload_data_gps_location_location,1593714079562000000,48.155841,8.259886
device_frmpayload_data_gps_location_location,1593714112651000000,48.155841,8.259886
device_frmpayload_data_gps_location_location,1593714145751000000,48.155841,8.259886
device_frmpayload_data_gps_location_location,1593714178837000000,48.155841,8.259886
device_frmpayload_data_gps_location_location,1593714211927000000,48.155841,8.259886
device_frmpayload_data_gps_location_location,1593714648669000000,48.155841,8.259886
device_frmpayload_data_gps_location_location,1593714951702000000,48.155841,8.259886
device_frmpayload_data_gps_location_location,1593715692361000000,1000,1000
device_frmpayload_data_gps_location_location,1593715995189000000,48.155975,8.259781
device_frmpayload_data_gps_location_location,1593716298007000000,48.155975,8.259781
device_frmpayload_data_gps_location_location,1593716600850000000,48.155975,8.259781
device_frmpayload_data_gps_location_location,1593716903675000000,48.155975,8.259781
device_frmpayload_data_gps_location_location,1593717206502000000,48.155975,8.259781
device_frmpayload_data_gps_location_location,1593717509299000000,48.155975,8.259781
device_frmpayload_data_gps_location_location,1593717812129000000,48.155975,8.259781
device_frmpayload_data_gps_location_location,1593718114942000000,48.155975,8.259781
device_frmpayload_data_gps_location_location,1593718417770000000,48.155788,8.259984
device_frmpayload_data_gps_location_location,1593718720602000000,48.155788,8.259984
device_frmpayload_data_gps_location_location,1593719023390000000,48.155788,8.259984
device_frmpayload_data_gps_location_location,1593719326200000000,48.155788,8.259984
device_frmpayload_data_gps_location_location,1593719628996000000,48.155788,8.259984
device_frmpayload_data_gps_location_location,1593719931808000000,48.155925,8.259995
device_frmpayload_data_gps_location_location,1593720234617000000,48.155925,8.259995
device_frmpayload_data_gps_location_location,1593720537417000000,48.155925,8.259995
device_frmpayload_data_gps_location_location,1593720840219000000,48.155891,8.259737
device_frmpayload_data_gps_location_location,1593721143014000000,48.155941,8.259909
device_frmpayload_data_gps_location_location,1593721445797000000,48.155895,8.259972
device_frmpayload_data_gps_location_location,1593721748560000000,48.155895,8.259972
device_frmpayload_data_gps_location_location,1593722051350000000,48.155895,8.259972
device_frmpayload_data_gps_location_location,1593722354146000000,48.155895,8.259972
device_frmpayload_data_gps_location_location,1593722656929000000,48.155895,8.259972
device_frmpayload_data_gps_location_location,1593722959777000000,48.155895,8.259972
device_frmpayload_data_gps_location_location,1593723262536000000,48.155895,8.259972
device_frmpayload_data_gps_location_location,1593723565323000000,48.155895,8.259972
device_frmpayload_data_gps_location_location,1593723868115000000,48.155895,8.259972
device_frmpayload_data_gps_location_location,1593724170917000000,48.155895,8.259972
device_frmpayload_data_gps_location_location,1593724473719000000,48.155895,8.259972
device_frmpayload_data_gps_location_location,1593724776528000000,48.155895,8.259972
device_frmpayload_data_gps_location_location,1593725079361000000,48.155895,8.259972
device_frmpayload_data_gps_location_location,1593725382164000000,48.155895,8.259972
device_frmpayload_data_gps_location_location,1593725684948000000,48.155895,8.259972
device_frmpayload_data_gps_location_location,1593725987758000000,48.155895,8.259972
device_frmpayload_data_gps_location_location,1593726290544000000,48.155895,8.259972
device_frmpayload_data_gps_location_location,1593726593345000000,48.155895,8.259972
device_frmpayload_data_gps_location_location,1593726896151000000,48.155895,8.259972
device_frmpayload_data_gps_location_location,1593727198938000000,48.156036,8.259878
device_frmpayload_data_gps_location_location,1593727501755000000,48.156036,8.259878
device_frmpayload_data_gps_location_location,1593727804551000000,48.156036,8.259878
device_frmpayload_data_gps_location_location,1593728107343000000,48.156036,8.259878
device_frmpayload_data_gps_location_location,1593728410161000000,48.156036,8.259878
device_frmpayload_data_gps_location_location,1593728712956000000,48.156036,8.259878
device_frmpayload_data_gps_location_location,1593729015752000000,48.156036,8.259878
device_frmpayload_data_gps_location_location,1593729318565000000,48.156036,8.259878
device_frmpayload_data_gps_location_location,1593729621375000000,48.156036,8.259878
device_frmpayload_data_gps_location_location,1593729924182000000,48.156036,8.259878
device_frmpayload_data_gps_location_location,1593730227002000000,48.156036,8.259878
device_frmpayload_data_gps_location_location,1593730529797000000,48.156036,8.259878
device_frmpayload_data_gps_location_location,1593733254888000000,48.155826,8.259832
device_frmpayload_data_gps_location_location,1593733568359000000,48.155826,8.259832
device_frmpayload_data_gps_location_location,1593733892679000000,48.155826,8.259832
device_frmpayload_data_gps_location_location,1593734216979000000,48.155826,8.259832
device_frmpayload_data_gps_location_location,1593734541291000000,48.155826,8.259832
device_frmpayload_data_gps_location_location,1593734865598000000,48.155826,8.259832
device_frmpayload_data_gps_location_location,1593735189887000000,48.155826,8.259832
device_frmpayload_data_gps_location_location,1593735514193000000,48.155826,8.259832
device_frmpayload_data_gps_location_location,1593735838483000000,48.155826,8.259832
device_frmpayload_data_gps_location_location,1593736162822000000,48.155826,8.259832
device_frmpayload_data_gps_location_location,1593736487060000000,48.155826,8.259832
device_frmpayload_data_gps_location_location,1593736811361000000,48.155826,8.259832
device_frmpayload_data_gps_location_location,1593737135674000000,48.155826,8.259832
device_frmpayload_data_gps_location_location,1593737459977000000,48.155826,8.259832
device_frmpayload_data_gps_location_location,1593771177490000000,1000,1000
device_frmpayload_data_gps_location_location,1593771480492000000,48.155857,8.25988
device_frmpayload_data_gps_location_location,1593771783462000000,48.155857,8.25988
device_frmpayload_data_gps_location_location,1593772086441000000,48.155857,8.25988
device_frmpayload_data_gps_location_location,1593772389408000000,48.155857,8.25988
device_frmpayload_data_gps_location_location,1593772692458000000,48.155857,8.25988
device_frmpayload_data_gps_location_location,1593772995390000000,48.155857,8.25988
device_frmpayload_data_gps_location_location,1593773298359000000,48.155857,8.25988
device_frmpayload_data_gps_location_location,1593773601320000000,48.155857,8.25988
device_frmpayload_data_gps_location_location,1593773904281000000,48.155857,8.25988
device_frmpayload_data_gps_location_location,1593774207242000000,48.155857,8.25988
device_frmpayload_data_gps_location_location,1593774510195000000,48.155857,8.25988
device_frmpayload_data_gps_location_location,1593774813136000000,48.155857,8.25988
device_frmpayload_data_gps_location_location,1593775116090000000,48.155857,8.25988
device_frmpayload_data_gps_location_location,1593775419101000000,48.155857,8.25988
device_frmpayload_data_gps_location_location,1593775722048000000,48.155857,8.25988
device_frmpayload_data_gps_location_location,1593776025025000000,48.155857,8.25988
device_frmpayload_data_gps_location_location,1593776328009000000,48.155857,8.25988
device_frmpayload_data_gps_location_location,1593776631001000000,48.155857,8.25988
device_frmpayload_data_gps_location_location,1593776933978000000,48.155857,8.25988
device_frmpayload_data_gps_location_location,1593777236968000000,48.155857,8.25988
device_frmpayload_data_gps_location_location,1593777539961000000,48.155857,8.25988
device_frmpayload_data_gps_location_location,1593777842944000000,48.155857,8.25988
device_frmpayload_data_gps_location_location,1593778145921000000,48.155857,8.25988
device_frmpayload_data_gps_location_location,1593778448911000000,48.155857,8.25988
device_frmpayload_data_gps_location_location,1593778751915000000,48.155857,8.25988
device_frmpayload_data_gps_location_location,1593779054905000000,48.155857,8.25988
device_frmpayload_data_gps_location_location,1593779357864000000,48.155857,8.25988
device_frmpayload_data_gps_location_location,1593779660847000000,48.155857,8.25988
device_frmpayload_data_gps_location_location,1593779963833000000,48.155857,8.25988
device_frmpayload_data_gps_location_location,1593780266837000000,48.155857,8.25988
device_frmpayload_data_gps_location_location,1593780569873000000,48.155857,8.25988
device_frmpayload_data_gps_location_location,1593780872901000000,48.155857,8.25988
device_frmpayload_data_gps_location_location,1593781175947000000,48.155857,8.25988
device_frmpayload_data_gps_location_location,1593781478994000000,48.155857,8.25988
device_frmpayload_data_gps_location_location,1593781781998000000,48.155857,8.25988
device_frmpayload_data_gps_location_location,1593782085030000000,48.155857,8.25988
device_frmpayload_data_gps_location_location,1593782388060000000,48.155857,8.25988
device_frmpayload_data_gps_location_location,1593782691079000000,48.155857,8.25988
device_frmpayload_data_gps_location_location,1593782994102000000,48.155857,8.25988
device_frmpayload_data_gps_location_location,1593783297121000000,48.155857,8.25988
device_frmpayload_data_gps_location_location,1593783600139000000,48.155857,8.25988
device_frmpayload_data_gps_location_location,1593783903154000000,48.155857,8.25988
device_frmpayload_data_gps_location_location,1593784206173000000,48.155857,8.25988
device_frmpayload_data_gps_location_location,1593784509210000000,48.155857,8.25988
device_frmpayload_data_gps_location_location,1593784812236000000,48.155857,8.25988
device_frmpayload_data_gps_location_location,1593785115268000000,48.155857,8.25988
device_frmpayload_data_gps_location_location,1593785418310000000,48.155857,8.25988
device_frmpayload_data_gps_location_location,1593864575823000000,1000,1000
device_frmpayload_data_gps_location_location,1593864878865000000,48.155887,8.259882
device_frmpayload_data_gps_location_location,1593865181922000000,48.155887,8.259882
device_frmpayload_data_gps_location_location,1593865484963000000,48.155887,8.259882
device_frmpayload_data_gps_location_location,1593865788006000000,48.155887,8.259882
device_frmpayload_data_gps_location_location,1593866091053000000,48.155887,8.259882
device_frmpayload_data_gps_location_location,1593866394101000000,48.155887,8.259882
device_frmpayload_data_gps_location_location,1593866697147000000,48.155887,8.259882
device_frmpayload_data_gps_location_location,1593867000188000000,48.155887,8.259882
device_frmpayload_data_gps_location_location,1593867303232000000,48.155887,8.259882
device_frmpayload_data_gps_location_location,1593867606277000000,48.155887,8.259882
device_frmpayload_data_gps_location_location,1593867909321000000,48.155887,8.259882
device_frmpayload_data_gps_location_location,1593868212361000000,48.155887,8.259882
device_frmpayload_data_gps_location_location,1593868515411000000,48.155887,8.259882
device_frmpayload_data_gps_location_location,1593868818448000000,48.155887,8.259882
device_frmpayload_data_gps_location_location,1593869121497000000,48.155887,8.259882
device_frmpayload_data_gps_location_location,1593869424550000000,48.155887,8.259882
device_frmpayload_data_gps_location_location,1593869727590000000,48.155887,8.259882
device_frmpayload_data_gps_location_location,1593870030623000000,48.155887,8.259882
device_frmpayload_data_gps_location_location,1593870333667000000,48.155887,8.259882
device_frmpayload_data_gps_location_location,1593870636708000000,48.155887,8.259882
device_frmpayload_data_gps_location_location,1593870939754000000,48.155887,8.259882
device_frmpayload_data_gps_location_location,1593871242802000000,48.155887,8.259882
device_frmpayload_data_gps_location_location,1593871545840000000,48.155887,8.259882
device_frmpayload_data_gps_location_location,1593871848878000000,48.155887,8.259882
device_frmpayload_data_gps_location_location,1593872151913000000,48.155887,8.259882
device_frmpayload_data_gps_location_location,1593872454943000000,48.155887,8.259882
device_frmpayload_data_gps_location_location,1593872757990000000,48.155887,8.259882
device_frmpayload_data_gps_location_location,1593873061048000000,48.155887,8.259882
device_frmpayload_data_gps_location_location,1593873364090000000,48.155887,8.259882
device_frmpayload_data_gps_location_location,1593873667157000000,48.155887,8.259882
device_frmpayload_data_gps_location_location,1593873970215000000,48.155887,8.259882
device_frmpayload_data_gps_location_location,1593874273276000000,48.155887,8.259882
device_frmpayload_data_gps_location_location,1593874576341000000,48.155887,8.259882
device_frmpayload_data_gps_location_location,1593874879408000000,48.155887,8.259882
device_frmpayload_data_gps_location_location,1593875182500000000,48.155887,8.259882
device_frmpayload_data_gps_location_location,1593875485571000000,48.155887,8.259882
device_frmpayload_data_gps_location_location,1593875788660000000,48.155887,8.259882
device_frmpayload_data_gps_location_location,1593876091729000000,48.155887,8.259882
device_frmpayload_data_gps_location_location,1593876394812000000,48.155887,8.259882
device_frmpayload_data_gps_location_location,1593957598301000000,1000,1000
device_frmpayload_data_gps_location_location,1593957901362000000,48.156036,8.260011
device_frmpayload_data_gps_location_location,1593958204444000000,48.156036,8.260011
device_frmpayload_data_gps_location_location,1593958507508000000,48.156036,8.260011
device_frmpayload_data_gps_location_location,1593958810598000000,48.156036,8.260011
device_frmpayload_data_gps_location_location,1593959113680000000,48.156036,8.260011
device_frmpayload_data_gps_location_location,1593959416754000000,48.156036,8.260011
device_frmpayload_data_gps_location_location,1593959719822000000,48.156036,8.260011
device_frmpayload_data_gps_location_location,1593960022904000000,48.156036,8.260011
device_frmpayload_data_gps_location_location,1593960326000000000,48.156036,8.260011
device_frmpayload_data_gps_location_location,1593960629065000000,48.156036,8.260011
device_frmpayload_data_gps_location_location,1593960932132000000,48.156036,8.260011
device_frmpayload_data_gps_location_location,1593961235200000000,48.156036,8.260011
device_frmpayload_data_gps_location_location,1593961538267000000,48.156036,8.260011
device_frmpayload_data_gps_location_location,1593961841311000000,48.156036,8.260011
device_frmpayload_data_gps_location_location,1593962144357000000,48.156036,8.260011
device_frmpayload_data_gps_location_location,1593962447378000000,48.156036,8.260011
device_frmpayload_data_gps_location_location,1593962750398000000,48.156036,8.260011
device_frmpayload_data_gps_location_location,1593963053415000000,48.156036,8.260011
device_frmpayload_data_gps_location_location,1594052982627000000,48.103866,8.198903
device_frmpayload_data_gps_location_location,1594052993784000000,48.103824,8.198852
device_frmpayload_data_gps_location_location,1594053004928000000,48.103893,8.198843
device_frmpayload_data_gps_location_location,1594053016080000000,48.103881,8.198846
device_frmpayload_data_gps_location_location,1594053060708000000,1000,1000
device_frmpayload_data_gps_location_location,1594053071837000000,1000,1000
device_frmpayload_data_gps_location_location,1594053083023000000,1000,1000
device_frmpayload_data_gps_location_location,1594053094144000000,1000,1000
device_frmpayload_data_gps_location_location,1594053105277000000,1000,1000
device_frmpayload_data_gps_location_location,1594053117589000000,48.103855,8.198925
device_frmpayload_data_gps_location_location,1594053129884000000,48.103744,8.198962
device_frmpayload_data_gps_location_location,1594053142187000000,48.103675,8.198904
device_frmpayload_data_gps_location_location,1594053154499000000,48.103679,8.198909
device_frmpayload_data_gps_location_location,1594053166797000000,48.103679,8.198909
device_frmpayload_data_gps_location_location,1594053179096000000,48.103679,8.198909
device_frmpayload_data_gps_location_location,1594053191398000000,48.103683,8.198909
device_frmpayload_data_gps_location_location,1594053203719000000,48.103683,8.198909
device_frmpayload_data_gps_location_location,1594053216008000000,48.103683,8.198909
device_frmpayload_data_gps_location_location,1594053228321000000,48.103683,8.198909
device_frmpayload_data_gps_location_location,1594053240622000000,48.103683,8.198909
device_frmpayload_data_gps_location_location,1594053252923000000,48.103683,8.198909
device_frmpayload_data_gps_location_location,1594053264075000000,48.103687,8.198922
device_frmpayload_data_gps_location_location,1594053276369000000,48.103687,8.198922
device_frmpayload_data_gps_location_location,1594053288665000000,48.103687,8.198922
device_frmpayload_data_gps_location_location,1594053300968000000,48.103687,8.198922
device_frmpayload_data_gps_location_location,1594053313270000000,48.103687,8.198922
device_frmpayload_data_gps_location_location,1594053325572000000,48.103687,8.198922
device_frmpayload_data_gps_location_location,1594053337896000000,48.103687,8.198922
device_frmpayload_data_gps_location_location,1594053350191000000,48.103687,8.198922
device_frmpayload_data_gps_location_location,1594053362484000000,48.103687,8.198922
device_frmpayload_data_gps_location_location,1594053374797000000,48.103687,8.198922
device_frmpayload_data_gps_location_location,1594053387108000000,48.103687,8.198922
device_frmpayload_data_gps_location_location,1594053399400000000,48.103687,8.198922
device_frmpayload_data_gps_location_location,1594053411707000000,48.103687,8.198922
device_frmpayload_data_gps_location_location,1594053422838000000,48.103687,8.198922
device_frmpayload_data_gps_location_location,1594053435144000000,48.103687,8.198922
device_frmpayload_data_gps_location_location,1594053447453000000,48.103687,8.198922
device_frmpayload_data_gps_location_location,1594053459752000000,48.103687,8.198922
device_frmpayload_data_gps_location_location,1594053472068000000,48.103687,8.198922
device_frmpayload_data_gps_location_location,1594053484362000000,48.103687,8.198922
device_frmpayload_data_gps_location_location,1594053496671000000,48.103687,8.198922
device_frmpayload_data_gps_location_location,1594053508975000000,48.103687,8.198922
device_frmpayload_data_gps_location_location,1594053521281000000,48.103687,8.198922
device_frmpayload_data_gps_location_location,1594053533578000000,48.103687,8.198922
device_frmpayload_data_gps_location_location,1594053545876000000,48.103687,8.198922
device_frmpayload_data_gps_location_location,1594053558189000000,48.103687,8.198922
device_frmpayload_data_gps_location_location,1594053570490000000,48.103687,8.198922
device_frmpayload_data_gps_location_location,1594053581622000000,48.103687,8.198922
device_frmpayload_data_gps_location_location,1594053593926000000,48.103687,8.198922
device_frmpayload_data_gps_location_location,1594053606244000000,48.103687,8.198922
device_frmpayload_data_gps_location_location,1594053618531000000,48.103687,8.198922
device_frmpayload_data_gps_location_location,1594053630832000000,48.103687,8.198922
device_frmpayload_data_gps_location_location,1594053643137000000,48.103687,8.198922
device_frmpayload_data_gps_location_location,1594053655441000000,48.103687,8.198922
device_frmpayload_data_gps_location_location,1594053667745000000,48.103687,8.198922
device_frmpayload_data_gps_location_location,1594053680047000000,48.103637,8.198844
device_frmpayload_data_gps_location_location,1594053692353000000,48.103599,8.198843
device_frmpayload_data_gps_location_location,1594053704663000000,48.103599,8.198843
device_frmpayload_data_gps_location_location,1594053716961000000,48.103599,8.198843
device_frmpayload_data_gps_location_location,1594053729265000000,48.103599,8.198843
device_frmpayload_data_gps_location_location,1594053740400000000,48.103618,8.198835
device_frmpayload_data_gps_location_location,1594053752701000000,48.103618,8.198826
device_frmpayload_data_gps_location_location,1594053765033000000,48.103618,8.198826
device_frmpayload_data_gps_location_location,1594053777312000000,48.103618,8.198904
device_frmpayload_data_gps_location_location,1594053789617000000,48.103485,8.198842
device_frmpayload_data_gps_location_location,1594053801923000000,48.103427,8.198851
device_frmpayload_data_gps_location_location,1594053814242000000,48.103389,8.198978
device_frmpayload_data_gps_location_location,1594053826530000000,48.103439,8.199181
device_frmpayload_data_gps_location_location,1594053838832000000,48.103492,8.19937
device_frmpayload_data_gps_location_location,1594053851134000000,48.103538,8.199577
device_frmpayload_data_gps_location_location,1594053863444000000,48.103588,8.199788
device_frmpayload_data_gps_location_location,1594053875760000000,48.103637,8.200044
device_frmpayload_data_gps_location_location,1594053900351000000,48.103721,8.20046
device_frmpayload_data_gps_location_location,1594053911491000000,48.103759,8.20065
device_frmpayload_data_gps_location_location,1594053923809000000,48.103691,8.200822
device_frmpayload_data_gps_location_location,1594053936093000000,48.103546,8.200847
device_frmpayload_data_gps_location_location,1594053948397000000,48.103408,8.20086
device_frmpayload_data_gps_location_location,1594053960704000000,48.103263,8.200912
device_frmpayload_data_gps_location_location,1594053973010000000,48.103103,8.200991
device_frmpayload_data_gps_location_location,1594054009919000000,48.102989,8.201524
device_frmpayload_data_gps_location_location,1594054021062000000,48.102912,8.201677
device_frmpayload_data_gps_location_location,1594054044508000000,48.102886,8.202007
device_frmpayload_data_gps_location_location,1594054080260000000,48.102802,8.20252
device_frmpayload_data_gps_location_location,1594054091402000000,48.102783,8.202563
device_frmpayload_data_gps_location_location,1594054102539000000,48.102676,8.202705
device_frmpayload_data_gps_location_location,1594054114843000000,48.102565,8.202861
device_frmpayload_data_gps_location_location,1594054127141000000,48.102432,8.203044
device_frmpayload_data_gps_location_location,1594054151749000000,48.102237,8.203407
device_frmpayload_data_gps_location_location,1594054164061000000,48.102169,8.203612
device_frmpayload_data_gps_location_location,1594054176354000000,48.102184,8.20386
device_frmpayload_data_gps_location_location,1594054200962000000,48.10239,8.204224
device_frmpayload_data_gps_location_location,1594054225576000000,48.102615,8.204602
device_frmpayload_data_gps_location_location,1594054237882000000,48.102725,8.204779
device_frmpayload_data_gps_location_location,1594054262484000000,48.102924,8.205178
device_frmpayload_data_gps_location_location,1594054273630000000,48.103008,8.20536
device_frmpayload_data_gps_location_location,1594054298225000000,48.103157,8.205764
device_frmpayload_data_gps_location_location,1594054335140000000,48.103233,8.20645
device_frmpayload_data_gps_location_location,1594054347445000000,48.103286,8.206666
device_frmpayload_data_gps_location_location,1594054359752000000,48.103286,8.206956
device_frmpayload_data_gps_location_location,1594054372051000000,48.103206,8.207192
device_frmpayload_data_gps_location_location,1594054433585000000,48.10297,8.208191
device_frmpayload_data_gps_location_location,1594054444709000000,48.102939,8.208401
device_frmpayload_data_gps_location_location,1594054457017000000,48.102977,8.208598
device_frmpayload_data_gps_location_location,1594054469318000000,48.103015,8.208789
device_frmpayload_data_gps_location_location,1594054481620000000,48.103031,8.209019
device_frmpayload_data_gps_location_location,1594054493917000000,48.103038,8.209273
device_frmpayload_data_gps_location_location,1594054506222000000,48.103042,8.209511
device_frmpayload_data_gps_location_location,1594054530836000000,48.103034,8.210001
device_frmpayload_data_gps_location_location,1594054776919000000,48.102695,8.215617
device_frmpayload_data_gps_location_location,1594054788045000000,48.102821,8.215777
device_frmpayload_data_gps_location_location,1594054800357000000,48.102931,8.215985
device_frmpayload_data_gps_location_location,1594054849564000000,48.103599,8.215774
device_frmpayload_data_gps_location_location,1594054911093000000,48.104423,8.215671
device_frmpayload_data_gps_location_location,1594054923387000000,48.104415,8.215682
device_frmpayload_data_gps_location_location,1594054935695000000,48.104373,8.215825
device_frmpayload_data_gps_location_location,1594054959132000000,48.104343,8.215791
device_frmpayload_data_gps_location_location,1594054983749000000,48.104225,8.215547
device_frmpayload_data_gps_location_location,1594055168307000000,48.105125,8.216884
device_frmpayload_data_gps_location_location,1594055179436000000,48.105106,8.217058
device_frmpayload_data_gps_location_location,1594055253264000000,48.105121,8.21739
device_frmpayload_data_gps_location_location,1594055265569000000,48.105106,8.21718
device_frmpayload_data_gps_location_location,1594056078071000000,48.10321,8.206357
device_frmpayload_data_gps_location_location,1594056089215000000,48.103103,8.206313
device_frmpayload_data_gps_location_location,1594056100356000000,48.102973,8.206412
device_frmpayload_data_gps_location_location,1594056123811000000,48.102657,8.206398
device_frmpayload_data_gps_location_location,1594056147257000000,48.102424,8.206083
device_frmpayload_data_gps_location_location,1594056158396000000,48.102283,8.206009
device_frmpayload_data_gps_location_location,1594056170712000000,48.102153,8.205862
device_frmpayload_data_gps_location_location,1594056195313000000,48.101863,8.206027
device_frmpayload_data_gps_location_location,1594056207611000000,48.101757,8.205833
device_frmpayload_data_gps_location_location,1594056219918000000,48.101646,8.205657
device_frmpayload_data_gps_location_location,1594056232226000000,48.101539,8.205488
device_frmpayload_data_gps_location_location,1594056256833000000,48.101299,8.205098
device_frmpayload_data_gps_location_location,1594056269137000000,48.101192,8.204908
device_frmpayload_data_gps_location_location,1594056281434000000,48.101093,8.204719
device_frmpayload_data_gps_location_location,1594056306054000000,48.100887,8.204319
device_frmpayload_data_gps_location_location,1594056342963000000,48.10057,8.20374
device_frmpayload_data_gps_location_location,1594056355264000000,48.100463,8.203572
device_frmpayload_data_gps_location_location,1594056367566000000,48.100345,8.203396
device_frmpayload_data_gps_location_location,1594056378727000000,48.100246,8.203211
device_frmpayload_data_gps_location_location,1594056402162000000,48.100028,8.203127
device_frmpayload_data_gps_location_location,1594056413306000000,48.099971,8.203354
device_frmpayload_data_gps_location_location,1594056424437000000,48.100025,8.203595
device_frmpayload_data_gps_location_location,1594056436744000000,48.100082,8.203851
device_frmpayload_data_gps_location_location,1594056447880000000,48.100116,8.204096
device_frmpayload_data_gps_location_location,1594056459023000000,48.100154,8.204341
device_frmpayload_data_gps_location_location,1594056471315000000,48.1002,8.204627
device_frmpayload_data_gps_location_location,1594056482465000000,48.100242,8.204874
device_frmpayload_data_gps_location_location,1594056493589000000,48.100276,8.205112
device_frmpayload_data_gps_location_location,1594056505897000000,48.100303,8.205369
device_frmpayload_data_gps_location_location,1594056518207000000,48.100337,8.205624
device_frmpayload_data_gps_location_location,1594056529343000000,48.100364,8.205891
device_frmpayload_data_gps_location_location,1594056540490000000,48.100406,8.206123
device_frmpayload_data_gps_location_location,1594056551633000000,48.100433,8.206347
device_frmpayload_data_gps_location_location,1594056575068000000,48.100555,8.206809
device_frmpayload_data_gps_location_location,1594056587382000000,48.100646,8.207056
device_frmpayload_data_gps_location_location,1594056599682000000,48.100742,8.207267
device_frmpayload_data_gps_location_location,1594056611979000000,48.100833,8.207487
device_frmpayload_data_gps_location_location,1594056624295000000,48.100906,8.207721
device_frmpayload_data_gps_location_location,1594056636595000000,48.100971,8.20798
device_frmpayload_data_gps_location_location,1594056648903000000,48.101013,8.208207
device_frmpayload_data_gps_location_location,1594056661202000000,48.101013,8.208209
device_frmpayload_data_gps_location_location,1594056673503000000,48.100982,8.208098
device_frmpayload_data_gps_location_location,1594056685817000000,48.100917,8.207844
device_frmpayload_data_gps_location_location,1594056698114000000,48.100837,8.207599
device_frmpayload_data_gps_location_location,1594056710432000000,48.100761,8.207398
device_frmpayload_data_gps_location_location,1594056721556000000,48.100681,8.207213
device_frmpayload_data_gps_location_location,1594056733847000000,48.100593,8.206995
device_frmpayload_data_gps_location_location,1594056746153000000,48.100517,8.206783
device_frmpayload_data_gps_location_location,1594056758456000000,48.100448,8.206564
device_frmpayload_data_gps_location_location,1594056783066000000,48.100376,8.206082
device_frmpayload_data_gps_location_location,1594056795373000000,48.100353,8.205871
device_frmpayload_data_gps_location_location,1594056807672000000,48.100307,8.205664
device_frmpayload_data_gps_location_location,1594056819977000000,48.100284,8.205407
device_frmpayload_data_gps_location_location,1594056832284000000,48.10025,8.205177
device_frmpayload_data_gps_location_location,1594056844595000000,48.100227,8.204953
device_frmpayload_data_gps_location_location,1594056856892000000,48.1002,8.204736
device_frmpayload_data_gps_location_location,1594056869190000000,48.100158,8.204489
device_frmpayload_data_gps_location_location,1594056880322000000,48.100131,8.204273
device_frmpayload_data_gps_location_location,1594056892626000000,48.100101,8.204036
device_frmpayload_data_gps_location_location,1594056904941000000,48.100055,8.203827
device_frmpayload_data_gps_location_location,1594056917236000000,48.100013,8.203592
device_frmpayload_data_gps_location_location,1594056929537000000,48.099971,8.203387
device_frmpayload_data_gps_location_location,1594056941842000000,48.099929,8.203186
device_frmpayload_data_gps_location_location,1594056978775000000,48.099887,8.202556
device_frmpayload_data_gps_location_location,1594057027982000000,48.099491,8.201931
device_frmpayload_data_gps_location_location,1594057100633000000,48.098781,8.201502
device_frmpayload_data_gps_location_location,1594057137549000000,48.099143,8.201743
device_frmpayload_data_gps_location_location,1594057149850000000,48.099292,8.201828
device_frmpayload_data_gps_location_location,1594057260596000000,48.100624,8.201592
device_frmpayload_data_gps_location_location,1594057271711000000,48.100681,8.201519
device_frmpayload_data_gps_location_location,1594057284018000000,48.100582,8.201393
device_frmpayload_data_gps_location_location,1594057296323000000,48.100574,8.201276
device_frmpayload_data_gps_location_location,1594057320931000000,48.100852,8.200992
device_frmpayload_data_gps_location_location,1594057345536000000,48.100616,8.200842
device_frmpayload_data_gps_location_location,1594057407063000000,48.100669,8.200587
device_frmpayload_data_gps_location_location,1594057419358000000,48.100727,8.200514
device_frmpayload_data_gps_location_location,1594057430496000000,48.100818,8.200371
device_frmpayload_data_gps_location_location,1594057516623000000,48.100833,8.200037
device_frmpayload_data_gps_location_location,1594057528987000000,48.100845,8.199999
device_frmpayload_data_gps_location_location,1594057541227000000,48.100986,8.200062
device_frmpayload_data_gps_location_location,1594057553532000000,48.101135,8.200122
device_frmpayload_data_gps_location_location,1594057578144000000,48.101253,8.200139
device_frmpayload_data_gps_location_location,1594057589275000000,48.101173,8.200162
device_frmpayload_data_gps_location_location,1594057638497000000,48.100948,8.200414
device_frmpayload_data_gps_location_location,1594057650806000000,48.101062,8.200512
device_frmpayload_data_gps_location_location,1594057675413000000,48.101406,8.200542
device_frmpayload_data_gps_location_location,1594057700015000000,48.101749,8.200445
device_frmpayload_data_gps_location_location,1594057712319000000,48.101902,8.200372
device_frmpayload_data_gps_location_location,1594057724631000000,48.101989,8.200155
device_frmpayload_data_gps_location_location,1594057736928000000,48.102046,8.199885
device_frmpayload_data_gps_location_location,1594057748063000000,48.102081,8.199654
device_frmpayload_data_gps_location_location,1594057760362000000,48.102104,8.199382
device_frmpayload_data_gps_location_location,1594057772670000000,48.102138,8.199116
device_frmpayload_data_gps_location_location,1594057784973000000,48.102264,8.198914
device_frmpayload_data_gps_location_location,1594057809586000000,48.102359,8.198682
device_frmpayload_data_gps_location_location,1594057821903000000,48.102378,8.198474
device_frmpayload_data_gps_location_location,1594057834195000000,48.102428,8.198245
device_frmpayload_data_gps_location_location,1594057858800000000,48.102523,8.197833
device_frmpayload_data_gps_location_location,1594057871104000000,48.102546,8.197554
device_frmpayload_data_gps_location_location,1594057883415000000,48.102592,8.197313
device_frmpayload_data_gps_location_location,1594057895708000000,48.102729,8.197281
device_frmpayload_data_gps_location_location,1594057906841000000,48.102863,8.197369
device_frmpayload_data_gps_location_location,1594057931455000000,48.103195,8.19742
device_frmpayload_data_gps_location_location,1594057968364000000,48.103225,8.197927
device_frmpayload_data_gps_location_location,1594057980668000000,48.103263,8.198175
device_frmpayload_data_gps_location_location,1594057992981000000,48.103294,8.198408
device_frmpayload_data_gps_location_location,1594058005281000000,48.103343,8.198661
device_frmpayload_data_gps_location_location,1594058017584000000,48.103416,8.198878
device_frmpayload_data_gps_location_location,1594058029881000000,48.103427,8.199091
device_frmpayload_data_gps_location_location,1594058054497000000,48.103122,8.199193
device_frmpayload_data_gps_location_location,1594058077937000000,48.102836,8.199321
device_frmpayload_data_gps_location_location,1594058102542000000,48.102722,8.199745
device_frmpayload_data_gps_location_location,1594058114850000000,48.102714,8.199981
device_frmpayload_data_gps_location_location,1594058127148000000,48.102703,8.200238
device_frmpayload_data_gps_location_location,1594058139461000000,48.102653,8.200474
device_frmpayload_data_gps_location_location,1594058164054000000,48.102569,8.200929
device_frmpayload_data_gps_location_location,1594058176379000000,48.102497,8.201078
device_frmpayload_data_gps_location_location,1594058188666000000,48.102313,8.201116
device_frmpayload_data_gps_location_location,1594058213277000000,48.102153,8.200858
device_frmpayload_data_gps_location_location,1594058224414000000,48.102111,8.200733
device_frmpayload_data_gps_location_location,1594058249024000000,48.101802,8.200696
device_frmpayload_data_gps_location_location,1594058261318000000,48.101844,8.200657
device_frmpayload_data_gps_location_location,1594058273623000000,48.102001,8.200708
device_frmpayload_data_gps_location_location,1594058285928000000,48.102138,8.200782
device_frmpayload_data_gps_location_location,1594058298238000000,48.102169,8.201022
device_frmpayload_data_gps_location_location,1594058322852000000,48.101959,8.201292
device_frmpayload_data_gps_location_location,1594058347447000000,48.101593,8.201376
device_frmpayload_data_gps_location_location,1594058372053000000,48.101253,8.201187
device_frmpayload_data_gps_location_location,1594058383190000000,48.101142,8.201018
device_frmpayload_data_gps_location_location,1594058407794000000,48.101299,8.201214
device_frmpayload_data_gps_location_location,1594058420103000000,48.101184,8.201396
device_frmpayload_data_gps_location_location,1594058444706000000,48.100906,8.201607
device_frmpayload_data_gps_location_location,1594058457011000000,48.100959,8.201501
device_frmpayload_data_gps_location_location,1594058616967000000,48.102725,8.201837
device_frmpayload_data_gps_location_location,1594058628101000000,48.102863,8.201745
device_frmpayload_data_gps_location_location,1594058665015000000,48.103275,8.201718
device_frmpayload_data_gps_location_location,1594058701925000000,48.103626,8.202304
device_frmpayload_data_gps_location_location,1594058714232000000,48.103698,8.202551
device_frmpayload_data_gps_location_location,1594058775751000000,48.103706,8.203832
device_frmpayload_data_gps_location_location,1594058786882000000,48.103744,8.204067
device_frmpayload_data_gps_location_location,1594058983762000000,48.104034,8.202907
device_frmpayload_data_gps_location_location,1594059008353000000,48.103942,8.202518
device_frmpayload_data_gps_location_location,1594059422611000000,48.103828,8.200779
device_frmpayload_data_gps_location_location,1594059433766000000,48.103706,8.200813
device_frmpayload_data_gps_location_location,1594059457211000000,48.103614,8.201109
device_frmpayload_data_gps_location_location,1594059468356000000,48.103656,8.201283
device_frmpayload_data_gps_location_location,1594059491796000000,48.103763,8.201472
device_frmpayload_data_gps_location_location,1594059515259000000,48.103614,8.201063
device_frmpayload_data_gps_location_location,1594059526405000000,48.103584,8.200832
device_frmpayload_data_gps_location_location,1594059537547000000,48.103736,8.200748
device_frmpayload_data_gps_location_location,1594059548683000000,48.103881,8.200721
device_frmpayload_data_gps_location_location,1594059559818000000,48.104022,8.200672
device_frmpayload_data_gps_location_location,1594059571012000000,48.104137,8.200616
device_frmpayload_data_gps_location_location,1594059594398000000,48.104259,8.200975
device_frmpayload_data_gps_location_location,1594059705139000000,48.105239,8.200989
device_frmpayload_data_gps_location_location,1594059766657000000,48.104785,8.200149
device_frmpayload_data_gps_location_location,1594059802397000000,48.10464,8.199487
device_frmpayload_data_gps_location_location,1594059814702000000,48.104576,8.199277
device_frmpayload_data_gps_location_location,1594059827003000000,48.104476,8.199108
device_frmpayload_data_gps_location_location,1594059838163000000,48.104358,8.198971
device_frmpayload_data_gps_location_location,1594059849298000000,48.104278,8.198784
device_frmpayload_data_gps_location_location,1594059860424000000,48.104217,8.198588
device_frmpayload_data_gps_location_location,1594059871564000000,48.104156,8.198405
device_frmpayload_data_gps_location_location,1594059883919000000,48.104084,8.198287
device_frmpayload_data_gps_location_location,1594059896168000000,48.104034,8.198334
device_frmpayload_data_gps_location_location,1594059908472000000,48.104148,8.198474
device_frmpayload_data_gps_location_location,1594059920769000000,48.104202,8.198686
device_frmpayload_data_gps_location_location,1594059933080000000,48.104267,8.198887
device_frmpayload_data_gps_location_location,1594059945379000000,48.104377,8.199074
device_frmpayload_data_gps_location_location,1594059957682000000,48.104496,8.19923
device_frmpayload_data_gps_location_location,1594059969992000000,48.104461,8.199397
device_frmpayload_data_gps_location_location,1594059982298000000,48.104331,8.199497
device_frmpayload_data_gps_location_location,1594059994600000000,48.104202,8.199631
device_frmpayload_data_gps_location_location,1594060006908000000,48.104103,8.199754
device_frmpayload_data_gps_location_location,1594060019212000000,48.103984,8.199612
device_frmpayload_data_gps_location_location,1594060030344000000,48.103858,8.199667
device_frmpayload_data_gps_location_location,1594060041494000000,48.103816,8.199475
device_frmpayload_data_gps_location_location,1594060052629000000,48.103893,8.199247
device_frmpayload_data_gps_location_location,1594060063778000000,48.103912,8.199056
device_frmpayload_data_gps_location_location,1594060076062000000,48.103862,8.198829
device_frmpayload_data_gps_location_location,1594060088366000000,48.103801,8.198612
device_frmpayload_data_gps_location_location,1594060100668000000,48.103736,8.198416
device_frmpayload_data_gps_location_location,1594060112975000000,48.103698,8.198209
device_frmpayload_data_gps_location_location,1594060125286000000,48.10366,8.197998
device_frmpayload_data_gps_location_location,1594060137586000000,48.103637,8.197779
device_frmpayload_data_gps_location_location,1594060174490000000,48.103641,8.19781
device_frmpayload_data_gps_location_location,1594060185635000000,48.103668,8.198007
device_frmpayload_data_gps_location_location,1594060196785000000,48.103702,8.198209
device_frmpayload_data_gps_location_location,1594060207913000000,48.103752,8.198434
device_frmpayload_data_gps_location_location,1594060220218000000,48.103771,8.198597
device_frmpayload_data_gps_location_location,1594060232530000000,48.103755,8.198616
device_frmpayload_data_gps_location_location,1594060244830000000,48.103729,8.198742
device_frmpayload_data_gps_location_location,1594060257129000000,48.103706,8.19886